
#illustrations_revised
#New eFlora Name	old eFlora Name	eflora illustration file name	Plate #
Angelica capitellata	Sphenosciadium capitellatum	fp-205-3	18


Aphyllon californicum subsp. feudgei	Orobanche californica subsp. feudgei	f0973-06	165
Aphyllon cooperi	Orobanche cooperi	f0973-07	165
Aphyllon corymbosum	Orobanche corymbosa	f0973-07	165
Aphyllon fasciculatum	Orobanche fasciculata	f0973-07	165
Aphyllon parishii subsp. brachylobum	Orobanche parishii subsp. brachyloba	f0973-08	165
Aphyllon pinorum	Orobanche pinorum	f0973-08	165
Aphyllon purpureum	Orobanche uniflora	f0973-09	165
Aphyllon tuberosum	Orobanche bulbosa	f0973-06	165
Aphyllon validum subsp. validum	Orobanche valida subsp. valida	f0973-09	165
Aphyllon vallicolum	Orobanche vallicola	f0973-09	165
f0973-06.png	Orobanche bulbosa
f0973-06.png	Orobanche californica subsp. feudgei
f0973-07.png	Orobanche corymbosa
f0973-07.png	Orobanche fasciculata
f0973-08.png	Orobanche parishii subsp. brachyloba
f0973-08.png	Orobanche pinorum
f0973-09.png	Orobanche uniflora
f0973-09.png	Orobanche valida subsp. valida
f0973-09.png	Orobanche vallicola



Atriplex elegans var. elegans	Atriplex elegans var. fasciculata	fp-637-2-2	98
Atriplex elegans var. fasciculata	Atriplex elegans var. fasciculata	fp-637-2-2	98
Atriplex hymenelytra	Atriplex hymenelytra	fp-637-4-1	98
Atriplex gmelinii var. gmelinii	Atriplex gmelinii var. gmelinii	fp-637-4-1	98
Extriplex joaquinana	Atriplex joaquinana	fp-637-4-2	98
Stutzia covillei	Atriplex covillei	fp-637-2-1	98
fp-637-2-1.png	Atriplex covillei	
fp-637-2-2.png	Atriplex elegans var. elegans
fp-637-2-2.png	Atriplex elegans var. fasciculata
fp-637-4-1.png	Atriplex gmelinii var. gmelinii
fp-637-4-1.png	Atriplex hymenelytra
fp-637-4-2.png	Atriplex joaquinana





Bromus arenarius		f1435-02	256
Bromus arizonicus		f1435-02	256
Bromus berteroanus		f1435-02	256
Bromus madritensis	Bromus madritensis subsp. madritensis	f1435-04	256
Bromus porteri		f1435-05	256
Bromus racemosus		f1435-05	256
Bromus richardsonii		f1435-05	256
Bromus rubens	Bromus madritensis subsp. rubens	f1435-04	256
Bromus secalinus		f1435-05	256
Bromus sitchensis var. carinatus	Bromus carinatus	f1435-02	256
Bromus sitchensis var. maritimus	Bromus maritimus	f1435-04	256
Bromus squarrosus var. squarrosus	Bromus squarrosus	f1435-05	256
Bromus sterilis		f1435-05	256
f1435-02.png	Bromus arenarius
f1435-02.png	Bromus arizonicus
f1435-02.png	Bromus berteroanus
f1435-02.png	Bromus carinatus
f1435-04.png	Bromus madritensis subsp. madritensis
f1435-04.png	Bromus madritensis subsp. rubens
f1435-04.png	Bromus maritimus
f1435-05.png	Bromus porteri
f1435-05.png	Bromus racemosus
f1435-05.png	Bromus richardsonii
f1435-05.png	Bromus secalinus
f1435-05.png	Bromus squarrosus
f1435-05.png	Bromus sterilis










Calandrinia breweri		fp-903-4	152
Calandrinia menziesii	Calandrinia ciliata	fp-903-4	152
Calliscirpus criniger	Eriophorum crinigerum	f1351-04.1	241
Ceanothus pauciflorus	Ceanothus vestitus	p1167_004	205
Condea emoryi	Hyptis emoryi	fp-841-6	140
Cordylanthus rigidus subsp. littoralis		f0973-02	165
Cordylanthus rigidus subsp. rigidus		f0973-02	165
Cordylanthus rigidus subsp. setiger	Cordylanthus rigidus subsp. setigerus	f0973-02	165
Crocanthemum scoparium var. scoparium	Helianthemum scoparium	fp-653-7	101
Croton setiger	Croton setigerus	fp-717-7	114
Croton wigginsii		fp-717-7	114
Cylindropuntia acanthocarpa var. acanthocarpa	Cylindropuntia acanthocarpa var. coloradensis	fp-583-4	87
Cylindropuntia fosbergii	Cylindropuntia X fosbergii	fp-583-8	87
Cylindropuntia ramosissima		fp-583-8	87
Dichelostemma congestum		f1515-05.2	271
Diplacus angustatus	Mimulus angustatus	f0993-05.1	169
Diplacus aurantiacus	Mimulus aurantiacus	f0993-06	169
Diplacus bicolor	Mimulus whitneyi	f1005-03	172
Diplacus bigelovii var. bigelovii	Mimulus bigelovii var. bigelovii	f0993-07.1	169
Diplacus bolanderi	Mimulus bolanderi	f0993-08.1	169
Diplacus brevipes	Mimulus brevipes	f0993-09.1	169
Diplacus clevelandii	Mimulus clevelandii	f0997-01.3	170
Diplacus congdonii	Mimulus congdonii	f0997-01.2	170
Diplacus constrictus	Mimulus constrictus	f0997-02.1	170
Diplacus douglasii	Mimulus douglasii	f0997-03.1	170
Diplacus fremontii	Mimulus fremontii var. fremontii	f0997-04.1	170
Diplacus jepsonii	Mimulus nanus var. jepsonii	f0999-02.3	171
Diplacus johnstonii	Mimulus johnstonii	f0997-07.1	170
Diplacus kelloggii	Mimulus kelloggii	f0997-07.2	170
Diplacus layneae	Mimulus layneae	f0997-08.2	170
Diplacus leptaleus	Mimulus leptaleus	f0997-08.3	170
Diplacus mephiticus	Mimulus nanus var. mephiticus	f0999-02.2	171
Diplacus mohavensis	Mimulus mohavensis	f0997-09.2	170
Diplacus nanus	Mimulus nanus var. nanus	f0999-02.1	171
Diplacus parryi	Mimulus parryi	f0999-04.2	171
Diplacus pictus	Mimulus pictus	f0999-05.2	171
Diplacus pulchellus	Mimulus pulchellus	f0999-07.1	171
Diplacus pygmaeus	Mimulus pygmaeus	f0999-08.2	171
Diplacus rattanii	Mimulus rattanii	f0999-08.2	171
Diplacus rupicola	Mimulus rupicola	f0999-09.1	171
Diplacus torreyi	Mimulus torreyi	f1005-02	172
Diplacus tricolor	Mimulus tricolor	f1005-02	172
Diplacus viscidus	Mimulus viscidus var. viscidus	f1005-03	172
Dipterostemon capitatus subsp. capitatus	Dichelostemma capitatum subsp. capitatum	f1515-05.1	271
Dipterostemon capitatus subsp. pauciflorus	Dichelostemma capitatum subsp. pauciflorum	f1515-05.1	271
Eriogonum microtheca var. ambiguum	Eriogonum microthecum var. ambiguum	f1105-05	192
Eriogonum microtheca var. lapidicola	Eriogonum microthecum var. lapidicola	f1105-05	192
Eriogonum microtheca var. panamintense	Eriogonum microthecum var. panamintense	f1105-05	192
Eriogonum parvifolium	Eriogonum parviflorum	f1109-03	
Eriophorum gracile		f1351-04.2	241
Erythranthe alsinoides	Mimulus alsinoides	f0993-05.2	169
Erythranthe androsacea	Mimulus androsaceus	f0993-05.3	169
Erythranthe bicolor	Mimulus bicolor	f0993-07.2	169
Erythranthe breviflora	Mimulus breviflorus	f0993-08.2	169
Erythranthe breweri	Mimulus breweri	f0993-09.2	169
Erythranthe cardinalis	Mimulus cardinalis	f0997-01.1	170
Erythranthe dentata	Mimulus dentatus	f0997-02.2	170
Erythranthe exigua	Mimulus exiguus	f0997-03.2	170
Erythranthe filicaulis	Mimulus filicaulis	f0997-03.3	170
Erythranthe floribunda	Mimulus floribundus	f0997-04.2	170
Erythranthe glaucescens	Mimulus glaucescens	f0997-04.3	170
Erythranthe gracilipes	Mimulus gracilipes	f0997-05	170
Erythranthe guttata	Mimulus guttatus	f0997-05	170
Erythranthe inconspicua	Mimulus inconspicuus	f0997-06	170
Erythranthe laciniata	Mimulus laciniatus	f0997-07.3	170
Erythranthe latidens	Mimulus latidens	f0997-08.1	170
Erythranthe lewisii	Mimulus lewisii	f0997-09.1	170
Erythranthe linearifolia	Mimulus primuloides var. linearifolius	f0999-06	171
Erythranthe montioides	Mimulus montioides	f0999-01	171
Erythranthe moschata	Mimulus moschatus	f0999-01	171
Erythranthe norrisii	Mimulus norrisii	f0999-03	171
Erythranthe nudata	Mimulus nudatus	f0999-03	171
Erythranthe palmeri	Mimulus palmeri	f0999-03	171
Erythranthe parishii	Mimulus parishii	f0999-04.1	171
Erythranthe primuloides	Mimulus primuloides var. primuloides	f0999-06	171
Erythranthe pulsiferae	Mimulus pulsiferae	f0999-07.3	171
Erythranthe purpurea	Mimulus purpureus	f0999-07.2	171
Erythranthe rubella	Mimulus rubellus	f0999-09.2	171
Erythranthe shevockii	Mimulus shevockii	f0999-09.2	171
Erythranthe suksdorfii	Mimulus suksdorfii	f1005-01	172
Erythranthe tilingii	Mimulus tilingii	f1005-01	172
Euphorbia albomarginata	Chamaesyce albomarginata	fp-717-3	114
Euphorbia hooveri	Chamaesyce hooveri	fp-717-3	114
Euphorbia maculata	Chamaesyce maculata	fp-717-4	114
Euphorbia polycarpa	Chamaesyce polycarpa	fp-717-5	114
Euphorbia prostrata	Chamaesyce prostrata	fp-717-5	114
Euphorbia setiloba	Chamaesyce setiloba	fp-717-5	114
Hedypnois rhagadioloides	Hedypnois cretica	fp-345-7	42
Howellanthus dalesianus	Phacelia dalesiana	fp-495-3.2	70
Hydrophyllum alpestre	Hydrophyllum capitatum var. alpinum	fp-477-8	67
Hydrophyllum fendleri var. albifrons		fp-477-8	67
Hymenothrix dissecta	Amauriopsis dissecta	fp-237-9	21
Leucosyris arida	Arida arizonica	fp-247-9	23
Leucosyris carnosa	Arida carnosa	fp-247-9	23
Linum lewisii var. lewisii	Linum lewisii	fp-873-1	146
Linum puberulum		fp-873-1	146
Linum usitatissimum		fp-873-2.1	146
Lomatium fusiformis	Orogenia fusiformis	fp-195-7	16
Lysimachia arvensis	Anagallis arvensis	fp-915-6	154
Lysimachia europaea	Trientalis europaea	fp-915-9	154
Lysimachia latifolia	Trientalis latifolia	fp-915-9	154
Lysimachia maritima	Glaux maritima	fp-915-7	154
Lysimachia minima	Anagallis minima	fp-915-6	154
Mimetanthe pilosa	Mimulus pilosus	f0999-05.1	171
Mimulus ringens		f0999-08.1	171
Myriopteris cooperae	Cheilanthes cooperae	fp-131-4	4
Myriopteris covillei	Cheilanthes covillei	fp-131-4	4
Myriopteris gracilis	Cheilanthes feei	fp-131-5	4
Myriopteris gracillima	Cheilanthes gracillima	fp-131-5	4
Myriopteris parryi	Cheilanthes parryi	fp-131-6	4
Myriopteris viscida	Cheilanthes viscida	fp-131-7	4
Myriopteris wootonii	Cheilanthes wootonii	fp-131-7	4
Nama aretioides var. multiflora	Nama aretioides var. multiflorum	fp-483-7	68
Nama californica	Nama californicum	fp-483-8	68
Nama demissa var. demissa	Nama demissum var. demissum	fp-483-9	68
Nama densa var. parviflora	Nama densum var. parviflorum	fp-491-1	69
Nama rothrockii		fp-491-1	69
Navarretia intertexta	Navarretia intertexta subsp. intertexta	f1067-09	185
Navarretia linearifolia subsp. pinnatisecta	Navarretia sinistra subsp. pinnatisecta	f1069-08.1	186
Navarretia propinqua	Navarretia intertexta subsp. propinqua	f1067-09	185
Navarretia sinistra	Navarretia sinistra subsp. sinistra	f1069-08.2	186
Oenothera glazioviana		fp-955-4	161
Oenothera primiveris	Oenothera primiveris subsp. bufonis	fp-955-4	161
Olsynium douglasii var. douglasii	Olsynium douglasii	f1363-08	243
Pentagramma pallida		fp-137-3	5
Pentagramma triangularis	Pentagramma triangularis subsp. triangularis	fp-137-3	5
Phacelia bicolor	Phacelia bicolor var. bicolor	fp-495-1	70
Phacelia breweri		fp-495-1	70
Phacelia campanularia var. vasiformis	Phacelia campanularia subsp. vasiformis	fp-495-2	70
Phacelia cicutaria		fp-495-2	70
Phacelia ciliata		fp-495-2	70
Phacelia congdonii		fp-495-2	70
Phacelia cookei		fp-495-3.1	70
Phacelia distans		fp-495-3.3	70
Phacelia hastata var. compacta	Phacelia hastata subsp. compacta	fp-495-7	70
Phacelia hastata var. hastata	Phacelia hastata subsp. hastata	fp-495-7	70
Phacelia heterophylla var. virgata	Phacelia heterophylla subsp. virgata	fp-495-8	70
Phacelia imbricata var. imbricata	Phacelia imbricata subsp. imbricata	fp-499-1	71
Phoradendron leucarpum subsp. tomentosum	Phoradendron serotinum subsp. tomentosum	f1281-04	228
Picradeniopsis multiflora	Bahia neomexicana	fp-259-7	25
Planodes virginica	Planodes virginicum	fp-563-8	82
Polemonium eximium		fp1075-06	187
Polemonium micranthum		fp1075-06	187
Polemonium occidentale	Polemonium occidentale subsp. occidentale	fp1075-06	187
Primula clevelandii var. clevelandii	Dodecatheon clevelandii subsp. clevelandii	p1135_004	198
Primula conjugens	Dodecatheon conjugens	p1135_004	198
Primula fragrans	Dodecatheon redolens	p1135_005	198
Primula hendersonii	Dodecatheon hendersonii	p1135_005	198
Primula pauciflora	Dodecatheon pulchellum	p1135_005	198
Primula tetrandra	Dodecatheon alpinum	p1135_004	198
Quercus X acutidens	Quercus X acutidens	fp-805-9	
Quercus X alvordiana	Quercus X alvordiana	fp-805-10	
Quercus X macdonaldii	Quercus X macdonaldii	fp-809-10	
Rhaponticum repens	Acroptilon repens	fp-233-9	20
Struthiopteris spicant	Blechnum spicant	fp-115-9	1
Taxonomic or nomenclatural synonym for taxon not occurring in CA	Mimulus cusickii	f0997-02	170
Tetragonia tetragonoides	Tetragonia tetragonioides	fp-169-2	11
Thysanocarpus laciniatus	Thysanocarpus laciniatus var. laciniatus	fp-579-4	86
Thysanocarpus radians		fp-579-4	86
Trifolium columbinum	Trifolium olivaceum	fp-801-5	131
Trifolium pratense		fp-801-5	131
Trifolium productum		fp-801-5	131
